{
  "asks":[
    [
      300.01,
      0.01,
      1434529325000
    ],
    [
      300.12345678,
      0.2,
      1434529324090
    ],
    [
      301,
      1,
      1434529323000
    ],
    [
      310.01,
      10,
      1434529200000
    ],
    [
      321.12345678,
      20,
      1434510000000
    ]
  ],
  "bids":[
    [
      299.9,
      1,
      1434529325000
    ],
    [
      298.95,
      2.1,
      1434529324090
    ],
    [
      295.93,
      3.1,
      1434529323000
    ],
    [
      289.92,
      4.15,
      1433319725000
    ],
    [
      270,
      5.516,
      1434529323000
    ]
  ]
}